Workbook

Sheet Dashboard
A1: PROJECT PHOENIX — MODEL-DRIVEN CALCULATION WORKBOOK
A2: CONCEPT CALCULATIONS - NOT FOR SUBMISSION OR EXECUTION
A4: Metric | B4: Value | C4: Status | D4: Source
A5: Model ID | B5: HBM-GEO-2026-001 | C5: LINKED | D5: Central geometric model
A6: Model fingerprint | B6: 61c1c56f500192557d603552561dd408cfed09fe704247b26f18343d24f1af0a | C6: MATCHED | D6: Central model v1.0.0
A7: Calculation records | B7: 32 | C7: GENERATED | D7: Calculation engine v1.0.0
A8: Calculation categories | B8: 8 | C8: GENERATED | D8: Calculation engine v1.0.0
A9: Quality checks passed | B9: 18 | C9: PASS | D9: of 18
A10: Traceability links | B10: 85 | C10: GENERATED | D10: Model/drawing/report/REQ
A11: Parking basis | B11: 225 | C11: PROJECT LEADER CONFIRMED | D11: REQ-106
A12: Professional blockers | B12: 6 | C12: OPEN | D12: REQ-102/103/104/105/106/108
A13: Permit-ready issue | B13: NO | C13: BLOCKED | D13: Professional evidence required
A14: BB36 production release | B14: NO | C14: LOCKED | D14: BB35 evidence gate

Sheet Inputs
A1: MODEL AND ASSUMPTION INPUTS
A2: CONCEPT CALCULATIONS - NOT FOR SUBMISSION OR EXECUTION
A4: Input ID | B4: Category | C4: Name | D4: Value | E4: Unit | F4: Source | G4: Reference | H4: Status
A5: IN-001 | B5: model | C5: extension_width | D5: 7 | E5: m | F5: central_model | G5: BLD-EXTENSION | H5: SIMULATION_ONLY
A6: IN-002 | B6: model | C6: extension_length | D6: 10 | E6: m | F6: central_model | G6: BLD-EXTENSION | H6: SIMULATION_ONLY
A7: IN-003 | B7: model | C7: extension_storeys | D7: 2 | E7: count | F7: central_model | G7: BLD-EXTENSION | H7: SIMULATION_ONLY
A8: IN-004 | B8: model | C8: storey_height | D8: 3.2 | E8: m | F8: central_model | G8: L00,L01 | H8: SIMULATION_ONLY
A9: IN-005 | B9: assumption | C9: floor_area_load | D9: 7 | E9: kN/m2 | F9: synthetic_test_fixture | G9: REQ-103 | H9: SIMULATION_ONLY
A10: IN-006 | B10: assumption | C10: roof_area_load | D10: 3.5 | E10: kN/m2 | F10: synthetic_test_fixture | G10: REQ-103 | H10: SIMULATION_ONLY
A11: IN-007 | B11: assumption | C11: wall_misc_allowance | D11: 110 | E11: kN | F11: synthetic_test_fixture | G11: REQ-103 | H11: SIMULATION_ONLY
A12: IN-008 | B12: assumption | C12: column_count | D12: 9 | E12: count | F12: synthetic_test_fixture | G12: REQ-103 | H12: SIMULATION_ONLY
A13: IN-009 | B13: assumption | C13: tributary_width | D13: 3.5 | E13: m | F13: synthetic_test_fixture | G13: REQ-103 | H13: SIMULATION_ONLY
A14: IN-010 | B14: assumption | C14: beam_span | D14: 5 | E14: m | F14: synthetic_test_fixture | G14: REQ-103 | H14: SIMULATION_ONLY
A15: IN-011 | B15: assumption | C15: foundation_strip_width | D15: 1.5 | E15: m | F15: synthetic_test_fixture | G15: REQ-104 | H15: SIMULATION_ONLY
A16: IN-012 | B16: assumption | C16: foundation_total_strip_length | D16: 48 | E16: m | F16: synthetic_test_fixture | G16: REQ-104 | H16: SIMULATION_ONLY
... A42: IN-038 | B42: synthetic_parking_measurement | C42: minimum_available_spaces | D42: 55 | E42: spaces | F42: REQ-106 simulation | G42: REQ-106 | H42: SIMULATION_ONLY

Sheet Area_Volume
A1: CALCULATIONS — AREA VOLUME
A2: CONCEPT CALCULATIONS - NOT FOR SUBMISSION OR EXECUTION
A4: Calculation ID | B4: Title | C4: Formula / Method | D4: Input refs | E4: Intermediate A | F4: Intermediate B | G4: Formula result | H4: Unit | I4: Status | J4: Control / Limitation
A5: CAL-A01 | B5: Extension floor area | C5: width * length | D5: IN-001,IN-002 | E5: See Inputs / linked calculations | G5: =Inputs!$D$5*Inputs!$D$6 -> 70 | H5: m2 | I5: CALCULATED_CONCEPT_RESULT | J5: PROFESSIONAL ACCEPTANCE CRITERION NOT APPLIED
A6: CAL-A02 | B6: Extension gross floor area | C6: floor_area * storeys | D6: CAL-A01,IN-003 | E6: See Inputs / linked calculations | G6: ='Area_Volume'!$G$5*Inputs!$D$7 -> 140 | H6: m2 | I6: CALCULATED_CONCEPT_RESULT | J6: PROFESSIONAL ACCEPTANCE CRITERION NOT APPLIED
A7: CAL-A03 | B7: Extension enclosed volume | C7: floor_area * storey_height * storeys | D7: CAL-A01,IN-004,IN-003 | E7: See Inputs / linked calculations | G7: ='Area_Volume'!$G$5*Inputs!$D$8*Inputs!$D$7 -> 448 | H7: m3 | I7: CALCULATED_CONCEPT_RESULT | J7: PROFESSIONAL ACCEPTANCE CRITERION NOT APPLIED
A8: CAL-A04 | B8: Existing gross floor area | C8: existing_width * existing_length * storeys | E8: See Inputs / linked calculations | G8: =Inputs!$D$26*Inputs!$D$27*Inputs!$D$28 -> 336 | H8: m2 | I8: CALCULATED_CONCEPT_RESULT | J8: PROFESSIONAL ACCEPTANCE CRITERION NOT APPLIED
A9: CAL-A05 | B9: Total gross floor area | C9: existing_gross_area + extension_gross_area | D9: CAL-A02,CAL-A04 | E9: See Inputs / linked calculations | G9: ='Area_Volume'!$G$6+'Area_Volume'!$G$8 -> 476 | H9: m2 | I9: CALCULATED_CONCEPT_RESULT | J9: PROFESSIONAL ACCEPTANCE CRITERION NOT APPLIED
A10: CAL-A06 | B10: Modelled net space area | C10: sum(space.area_m2) | E10: See Inputs / linked calculations | G10: =Inputs!$D$29 -> 388.32 | H10: m2 | I10: CALCULATED_CONCEPT_RESULT | J10: PROFESSIONAL ACCEPTANCE CRITERION NOT APPLIED

Sheet Structural_Loads
A1: CALCULATIONS — STRUCTURAL LOADS
A2: CONCEPT CALCULATIONS - NOT FOR SUBMISSION OR EXECUTION
A4: Calculation ID | B4: Title | C4: Formula / Method | D4: Input refs | E4: Intermediate A | F4: Intermediate B | G4: Formula result | H4: Unit | I4: Status | J4: Control / Limitation
A5: CAL-S01 | B5: Service floor load per storey | C5: floor_area * floor_area_load | D5: CAL-A01,IN-005 | E5: See Inputs / linked calculations | G5: ='Area_Volume'!$G$5*Inputs!$D$9 -> 490 | H5: kN | I5: CALCULATED_CONCEPT_RESULT | J5: PROFESSIONAL ACCEPTANCE CRITERION NOT APPLIED
A6: CAL-S02 | B6: Service roof load | C6: roof_area * roof_area_load | D6: CAL-A01,IN-006 | E6: See Inputs / linked calculations | G6: ='Area_Volume'!$G$5*Inputs!$D$10 -> 245 | H6: kN | I6: CALCULATED_CONCEPT_RESULT | J6: PROFESSIONAL ACCEPTANCE CRITERION NOT APPLIED
A7: CAL-S03 | B7: Total service gravity load | C7: floor_area * floor_load * storeys + roof_area * roof_load + wall_allowance | D7: CAL-A01,IN-003,IN-005,IN-006,IN-007 | E7: See Inputs / linked calculations | G7: ='Structural_Loads'!$G$5*Inputs!$D$7+'Structural_Loads'!$G$6+Inputs!$D$11 -> 1335 | H7: kN | I7: CALCULATED_CONCEPT_RESULT | J7: PROFESSIONAL ACCEPTANCE CRITERION NOT APPLIED

Sheet Load_Path
A1: CALCULATIONS — LOAD PATH
A2: CONCEPT CALCULATIONS - NOT FOR SUBMISSION OR EXECUTION
A4: Calculation ID | B4: Title | C4: Formula / Method | D4: Input refs | E4: Intermediate A | F4: Intermediate B | G4: Formula result | H4: Unit | I4: Status | J4: Control / Limitation
A5: CAL-S04 | B5: Average column reaction | C5: total_service_load / column_count | D5: CAL-S03,IN-008 | E5: See Inputs / linked calculations | G5: ='Structural_Loads'!$G$7/Inputs!$D$12 -> 148.33 | H5: kN | I5: CALCULATED_CONCEPT_RESULT | J5: PROFESSIONAL ACCEPTANCE CRITERION NOT APPLIED
A6: CAL-S05 | B6: Representative beam line load | C6: floor_area_load * tributary_width | D6: IN-005,IN-009 | E6: See Inputs / linked calculations | G6: =Inputs!$D$9*Inputs!$D$13 -> 24.5 | H6: kN/m | I6: CALCULATED_CONCEPT_RESULT | J6: PROFESSIONAL ACCEPTANCE CRITERION NOT APPLIED
A7: CAL-S06 | B7: Representative simple-span moment | C7: line_load * span^2 / 8 | D7: CAL-S05,IN-010 | E7: See Inputs / linked calculations | G7: ='Load_Path'!$G$6*Inputs!$D$14^2/8 -> 76.56 | H7: kNm | I7: CALCULATED_CONCEPT_RESULT | J7: PROFESSIONAL ACCEPTANCE CRITERION NOT APPLIED
A8: CAL-S07 | B8: Representative support reaction | C8: line_load * span / 2 | D8: CAL-S05,IN-010 | E8: See Inputs / linked calculations | G8: ='Load_Path'!$G$6*Inputs!$D$14/2 -> 61.25 | H8: kN | I8: CALCULATED_CONCEPT_RESULT | J8: PROFESSIONAL ACCEPTANCE CRITERION NOT APPLIED

Sheet Foundation
A1: CALCULATIONS — FOUNDATION
A2: CONCEPT CALCULATIONS - NOT FOR SUBMISSION OR EXECUTION
A4: Calculation ID | B4: Title | C4: Formula / Method | D4: Input refs | E4: Intermediate A | F4: Intermediate B | G4: Formula result | H4: Unit | I4: Status | J4: Control / Limitation
A5: CAL-F01 | B5: Assumed bearing area | C5: strip_width * total_strip_length | D5: IN-011,IN-012 | E5: See Inputs / linked calculations | G5: =Inputs!$D$15*Inputs!$D$16 -> 72 | H5: m2 | I5: CALCULATED_CONCEPT_RESULT | J5: PROFESSIONAL ACCEPTANCE CRITERION NOT APPLIED
A6: CAL-F02 | B6: Indicative average contact pressure | C6: total_service_load / bearing_area | D6: CAL-S03,CAL-F01 | E6: See Inputs / linked calculations | G6: ='Structural_Loads'!$G$7/'Foundation'!$G$5 -> 18.54 | H6: kPa | I6: CALCULATED_CONCEPT_RESULT | J6: PROFESSIONAL ACCEPTANCE CRITERION NOT APPLIED

Sheet Egress
A1: CALCULATIONS — EGRESS
A2: CONCEPT CALCULATIONS - NOT FOR SUBMISSION OR EXECUTION
A4: Calculation ID | B4: Title | C4: Formula / Method | D4: Input refs | E4: Intermediate A | F4: Intermediate B | G4: Formula result | H4: Unit | I4: Status | J4: Control / Limitation
A5: CAL-E01 | B5: Total simulated exit width | C5: exit_count * exit_width_each | D5: IN-016,IN-017 | E5: See Inputs / linked calculations | G5: =Inputs!$D$20*Inputs!$D$21 -> 2.4 | H5: m | I5: CALCULATED_CONCEPT_RESULT | J5: PROFESSIONAL ACCEPTANCE CRITERION NOT APPLIED
A6: CAL-E02 | B6: Persons per simulated exit | C6: peak_occupancy / exit_count | D6: IN-013,IN-016 | E6: See Inputs / linked calculations | G6: =Inputs!$D$17/Inputs!$D$20 -> 100 | H6: persons/exit | I6: CALCULATED_CONCEPT_RESULT | J6: PROFESSIONAL ACCEPTANCE CRITERION NOT APPLIED
A7: CAL-E03 | B7: Persons per metre total exit width | C7: peak_occupancy / total_exit_width | D7: IN-013,CAL-E01 | E7: See Inputs / linked calculations | G7: =Inputs!$D$17/'Egress'!$G$5 -> 83.33 | H7: persons/m | I7: CALCULATED_CONCEPT_RESULT | J7: PROFESSIONAL ACCEPTANCE CRITERION NOT APPLIED

Sheet Ventilation
A1: CALCULATIONS — VENTILATION
A2: CONCEPT CALCULATIONS - NOT FOR SUBMISSION OR EXECUTION
A4: Calculation ID | B4: Title | C4: Formula / Method | D4: Input refs | E4: Intermediate A | F4: Intermediate B | G4: Formula result | H4: Unit | I4: Status | J4: Control / Limitation
A5: CAL-V01 | B5: Ventilation flow regular_future | C5: persons * rate_l_s_person * 3.6 | D5: IN-018 | E5: regular_future | F5: 150 | G5: =Inputs!$D$18*Inputs!$D$22*3.6 -> 3780 | H5: m3/h | I5: CALCULATED_CONCEPT_RESULT | J5: PROFESSIONAL ACCEPTANCE CRITERION NOT APPLIED
A6: CAL-V02 | B6: Ventilation flow friday_future | C6: persons * rate_l_s_person * 3.6 | D6: IN-018 | E6: friday_future | F6: 125 | G6: =Inputs!$D$19*Inputs!$D$22*3.6 -> 3150 | H6: m3/h | I6: CALCULATED_CONCEPT_RESULT | J6: PROFESSIONAL ACCEPTANCE CRITERION NOT APPLIED
A7: CAL-V03 | B7: Ventilation flow special_peak | C7: persons * rate_l_s_person * 3.6 | D7: IN-018 | E7: special_peak | F7: 200 | G7: =Inputs!$D$17*Inputs!$D$22*3.6 -> 5040 | H7: m3/h | I7: CALCULATED_CONCEPT_RESULT | J7: PROFESSIONAL ACCEPTANCE CRITERION NOT APPLIED

Sheet Parking
A1: CALCULATIONS — PARKING
A2: CONCEPT CALCULATIONS - NOT FOR SUBMISSION OR EXECUTION
A4: Calculation ID | B4: Title | C4: Formula / Method | D4: Input refs | E4: Intermediate A | F4: Intermediate B | G4: Formula result | H4: Unit | I4: Status | J4: Control / Limitation
A5: CAL-P01 | B5: Available spaces regular_weekday | C5: capacity - occupied | D5: IN-019 | E5: 110 | F5: 225 | G5: =Inputs!$D$23-Inputs!$D$34 -> 115 | H5: spaces | I5: CALCULATED_CONCEPT_RESULT | J5: PROFESSIONAL ACCEPTANCE CRITERION NOT APPLIED
A6: CAL-P02 | B6: Available spaces friday_pre_peak | C6: capacity - occupied | D6: IN-019 | E6: 135 | F6: 225 | G6: =Inputs!$D$23-Inputs!$D$35 -> 90 | H6: spaces | I6: CALCULATED_CONCEPT_RESULT | J6: PROFESSIONAL ACCEPTANCE CRITERION NOT APPLIED
A7: CAL-P03 | B7: Available spaces friday_prayer_peak | C7: capacity - occupied | D7: IN-019 | E7: 170 | F7: 225 | G7: =Inputs!$D$23-Inputs!$D$36 -> 55 | H7: spaces | I7: CALCULATED_CONCEPT_RESULT | J7: PROFESSIONAL ACCEPTANCE CRITERION NOT APPLIED
A8: CAL-P04 | B8: Available spaces saturday_active_use | C8: capacity - occupied | D8: IN-019 | E8: 145 | F8: 225 | G8: =Inputs!$D$23-Inputs!$D$37 -> 80 | H8: spaces | I8: CALCULATED_CONCEPT_RESULT | J8: PROFESSIONAL ACCEPTANCE CRITERION NOT APPLIED
A9: CAL-P05 | B9: Available spaces sunday_active_use | C9: capacity - occupied | D9: IN-019 | E9: 125 | F9: 225 | G9: =Inputs!$D$23-Inputs!$D$38 -> 100 | H9: spaces | I9: CALCULATED_CONCEPT_RESULT | J9: PROFESSIONAL ACCEPTANCE CRITERION NOT APPLIED
A10: CAL-P06 | B10: Synthetic parking surplus regular_future | C10: minimum_available - demand | E10: 30 | F10: 55 | G10: =Inputs!$D$42-Inputs!$D$39 -> 25 | H10: spaces | I10: CALCULATED_CONCEPT_RESULT | J10: PROFESSIONAL ACCEPTANCE CRITERION NOT APPLIED
A11: CAL-P07 | B11: Synthetic parking surplus friday_future | C11: minimum_available - demand | E11: 25 | F11: 55 | G11: =Inputs!$D$42-Inputs!$D$40 -> 30 | H11: spaces | I11: CALCULATED_CONCEPT_RESULT | J11: PROFESSIONAL ACCEPTANCE CRITERION NOT APPLIED
A12: CAL-P08 | B12: Synthetic parking surplus special_peak | C12: minimum_available - demand | E12: 40 | F12: 55 | G12: =Inputs!$D$42-Inputs!$D$41 -> 15 | H12: spaces | I12: CALCULATED_CONCEPT_RESULT | J12: PROFESSIONAL ACCEPTANCE CRITERION NOT APPLIED

Sheet Construction
A1: CALCULATIONS — CONSTRUCTION
A2: CONCEPT CALCULATIONS - NOT FOR SUBMISSION OR EXECUTION
A4: Calculation ID | B4: Title | C4: Formula / Method | D4: Input refs | E4: Intermediate A | F4: Intermediate B | G4: Formula result | H4: Unit | I4: Status | J4: Control / Limitation
A5: CAL-C01 | B5: Construction-phase duration | C5: sum(duration_days excluding operational use) | E5: See Inputs / linked calculations | G5: =SUM(Inputs!$D$30:Inputs!$D$33) -> 95 | H5: days | I5: CALCULATED_CONCEPT_RESULT | J5: PROFESSIONAL ACCEPTANCE CRITERION NOT APPLIED
A6: CAL-C02 | B6: Synthetic equipment operating hours | C6: sum(equipment operating_hours) | D6: IN-020 | E6: See Inputs / linked calculations | G6: =Inputs!$D$24 -> 496 | H6: h | I6: CALCULATED_CONCEPT_RESULT | J6: PROFESSIONAL ACCEPTANCE CRITERION NOT APPLIED
A7: CAL-C03 | B7: Synthetic transport activity | C7: sum(movements * distance_km) | D7: IN-021 | E7: See Inputs / linked calculations | G7: =Inputs!$D$25 -> 6600 | H7: vehicle-km | I7: CALCULATED_CONCEPT_RESULT | J7: PROFESSIONAL ACCEPTANCE CRITERION NOT APPLIED

Sheet Traceability
A1: TRACEABILITY MATRIX
A2: CONCEPT CALCULATIONS - NOT FOR SUBMISSION OR EXECUTION
A4: Calculation ID | B4: Category | C4: Model object | D4: Drawing refs | E4: Report refs | F4: REQ refs | G4: Source status
A5: CAL-A01 | B5: area_volume | C5: BLD-EXTENSION | D5: A-101,A-102 | E5: R-101 | F5: REQ-102 | G5: SIMULATION_ONLY
A6: CAL-A02 | B6: area_volume | C6: BLD-EXTENSION | D6: A-101,A-102 | E6: R-001,R-101 | F6: REQ-102 | G6: SIMULATION_ONLY
A7: CAL-A02 | B7: area_volume | C7: L00 | D7: A-101,A-102 | E7: R-001,R-101 | F7: REQ-102 | G7: SIMULATION_ONLY
A8: CAL-A02 | B8: area_volume | C8: L01 | D8: A-101,A-102 | E8: R-001,R-101 | F8: REQ-102 | G8: SIMULATION_ONLY
A9: CAL-A03 | B9: area_volume | C9: BLD-EXTENSION | D9: A-201,A-301 | E9: R-101 | F9: REQ-102 | G9: SIMULATION_ONLY
A10: CAL-A04 | B10: area_volume | C10: BLD-EXISTING | D10: A-101,A-102 | E10: R-101 | F10: REQ-102 | G10: SIMULATION_ONLY
A11: CAL-A05 | B11: area_volume | C11: BLD-EXISTING | D11: A-101,A-102 | E11: R-001 | F11: REQ-102 | G11: SIMULATION_ONLY
A12: CAL-A05 | B12: area_volume | C12: BLD-EXTENSION | D12: A-101,A-102 | E12: R-001 | F12: REQ-102 | G12: SIMULATION_ONLY
A13: CAL-A06 | B13: area_volume | C13: SP-L00-01 | D13: A-101,A-102 | E13: R-101 | F13: REQ-102 | G13: SIMULATION_ONLY
A14: CAL-A06 | B14: area_volume | C14: SP-L00-02 | D14: A-101,A-102 | E14: R-101 | F14: REQ-102 | G14: SIMULATION_ONLY
A15: CAL-A06 | B15: area_volume | C15: SP-L00-03 | D15: A-101,A-102 | E15: R-101 | F15: REQ-102 | G15: SIMULATION_ONLY
... A89: CAL-C03 | B89: construction_activity | C89: BLD-EXTENSION | D89: X-101 | E89: R-501 | F89: REQ-108 | G89: SIMULATION_ONLY

Sheet QA
A1: QUALITY ASSURANCE
A2: CONCEPT CALCULATIONS - NOT FOR SUBMISSION OR EXECUTION
A4: Check ID | B4: Topic | C4: Expected | D4: Actual | E4: Passed
A5: QA-01 | B5: extension_gross_area_m2 | C5: 140 | D5: 140 | E5: TRUE
A6: QA-02 | B6: total_service_gravity_load_kn | C6: 1335 | D6: 1335 | E6: TRUE
A7: QA-03 | B7: representative_beam_line_load_kn_m | C7: 24.5 | D7: 24.5 | E7: TRUE
A8: QA-04 | B8: representative_simple_span_moment_knm | C8: 76.56 | D8: 76.56 | E8: TRUE
A9: QA-05 | B9: average_column_reaction_kn | C9: 148.33 | D9: 148.33 | E9: TRUE
A10: QA-06 | B10: bearing_area_m2 | C10: 72 | D10: 72 | E10: TRUE
A11: QA-07 | B11: contact_pressure_kpa | C11: 18.54 | D11: 18.54 | E11: TRUE
A12: QA-08 | B12: persons_per_exit | C12: 100 | D12: 100 | E12: TRUE
A13: QA-09 | B13: persons_per_m_total_exit_width | C13: 83.33 | D13: 83.33 | E13: TRUE
A14: QA-10 | B14: peak_ventilation_m3_h | C14: 5040 | D14: 5040 | E14: TRUE
A15: QA-11 | B15: parking_capacity_spaces | C15: 225 | D15: 225 | E15: TRUE
A16: QA-12 | B16: equipment_hours | C16: 496 | D16: 496 | E16: TRUE
A17: QA-13 | B17: transport_vehicle_km | C17: 6600 | D17: 6600 | E17: TRUE
A18: QA-14 | B18: central_model_fingerprint | C18: 61c1c56f500192557d603552561dd408cfed09fe704247b26f18343d24f1af0a | D18: 61c1c56f500192557d603552561dd408cfed09fe704247b26f18343d24f1af0a | E18: TRUE
A19: QA-15 | B19: geometry_checks | C19: TRUE | D19: TRUE | E19: TRUE
A20: QA-16 | B20: professional_blockers_visible | C20: 6 | D20: 6 | E20: TRUE
A21: QA-17 | B21: req107_closed | C21: CLOSED_PROJECT_LEADER_APPROVED | D21: CLOSED_PROJECT_LEADER_APPROVED | E21: TRUE
A22: QA-18 | B22: simulation_boundary | C22: FALSE | D22: FALSE | E22: TRUE

Sheet Limitations
A1: ASSUMPTIONS AND LIMITATIONS
A2: CONCEPT CALCULATIONS - NOT FOR SUBMISSION OR EXECUTION
A4: ID | B4: Topic | C4: Statement | D4: Required replacement
A5: LIM-01 | B5: general | C5: CONCEPT CALCULATIONS - NOT FOR SUBMISSION OR EXECUTION | D5: All professional evidence blockers must be closed.
A6: LIM-02 | B6: geometry | C6: Geometry is a concept model and requires REQ-102 validation. | D6: Validated survey, scale, coordinates and cadastral geometry.
A7: LIM-03 | B7: structure | C7: Loads, spans and structural system are synthetic test fixtures. | D7: Signed structural survey, combinations and member calculations.
A8: LIM-04 | B8: foundation | C8: Contact pressure is indicative; resistance and settlement are not verified. | D8: Ground investigation and signed foundation advice.
A9: LIM-05 | B9: fire_ventilation | C9: No Bbl or fire-safety compliance conclusion is made. | D9: Professional Bbl, fire and ventilation calculations.
A10: LIM-06 | B10: parking | C10: 225 spaces are project-leader-confirmed but field verification is pending. | D10: Mapped inventory, field counts and professional parking balance.
A11: LIM-07 | B11: aerius | C11: Activity values are synthetic and no AERIUS deposition result is generated. | D11: Verified activity data and professional AERIUS export.
